"PIB por componentes","Anos","1995","1996","1997","1998","1999","2000","2001","2002","2003","2004","2005","2006","2007","2008","2009","2010","2011","2012","2013","2014","2015","2016","2017","2018","2019"
"Total","UE27 (2020) - União Europeia 27 (desde 2020)","6338144.5","6636980.2","6819286.7","7110611.1","7431107.9","7869519.3","8241989.4","8539136.9","8767873","9167951","9560767.8","10112652.5","10738992.4","11085402.4","10587697.1","10978265","11322768.5","11390022.2","11516664.4","11781665","12213010.9","12550459.6","13046775.7","13484821.8","13918144.4"
"Total","UE28 - União Europeia (28 Países)","7363931.4","7751805.7","8194824.8","8583600.2","9009714","9667200.9","10074332.2","10432496","10585058.2","11113148.9","11602701.1","12276152.8","13003686.9","13082100.8","12324697.3","12845661.1","13235226.5","13501730.6","13615090.1","14091450.2","14853945.5","14985514.8","15409885","15908558.4","16441458.1"
"Total","ZE19 - Zona Euro (19 Países)","5743475.4","5987593.9","6131712.5","6381791","6674091.7","7025053.1","7354258.3","7603716.4","7823445.9","8156477.8","8447664.5","8896707.6","9390564","9622963.1","9274983","9534696.5","9799209","9836952.8","9933832.7","10167902.7","10524277.2","10817187.6","11200947.5","11562207.8","11905421.4"
"Total","DE - Alemanha","1977604.1","1967956.2","1952617.8","2000815.9","2059480","2109090","2172540","2198120","2211570","2262520","2288310","2385080","2499550","2546490","2445730","2564400","2693560","2745310","2811350","2927430","3030070","3134100","3244990","3344370","3435760"
"Total","AT - Áustria","184351.3","186968.1","187853.7","195011.9","203850.6","213606.5","220525.1","226735.2","231862.5","242348.3","254075","267824.5","283978","293761.9","288044","295896.6","310128.7","318653","323910.2","333146.1","344269.2","357299.7","370295.8","385711.9","398521.9"
"Total","BE - Bélgica","220251.5","219965.3","223032.7","231015.7","242307.6","256376.4","264334.9","273255.9","281200.2","296819.7","310037.6","325151.5","343618.9","351743.1","346472.8","363140.1","375967.8","386174.7","392880","403003.3","416701.4","430372.1","446364.9","459819.8","473638.9"
"Total","BG - Bulgária","14512.8","9829.9","10064.7","13437.6","12804.4","14406.8","15905.3","17478.3","18798.3","21093.2","24039.9","27410","32444.5","37217.7","37400.2","38044.1","41252.6","42033.5","41885.4","42876.1","45675.8","48620.5","52310","56086.9","60675.3"
"Total","CY - Chipre","7596","7890.1","8414.3","9152.6","9839.7","10804.6","11602.9","12082.9","12871.3","13938","15039.3","16263.8","17591","19009.6","18675.5","19410","19803","19440.8","17995","17408.5","17826.9","18872.9","20039.7","21137.8","21943.6"
"Total","HR - Croácia","17349.7","18939","21122.8","22695.5","21968.4","23468.1","25842.6","28475","30727.9","33480.5","36484.5","40198.9","43991.4","47998.3","45064.1","45111.8","44793","43940.8","43703.2","43401.3","44616.4","46615.5","49094.4","51625.1","53936.7"
"Total","DK - Dinamarca","141441.4","147843.4","153152.1","158146.4","166972.1","178018.1","184045.6","189794.9","193353.4","202422.2","212832.4","225531.3","233383.3","241613.5","231278","243165.4","247879.9","254578","258742.7","265757","273017.6","283109.7","292408","301340.9","310937.1"
"Total","SK - Eslováquia","15322.9","17053.2","19331.1","20333.8","19516.1","22389.1","23909.8","26340.7","30119.1","34757.7","39403.4","45602","56339.3","66098.1","64095.5","68093","71214.4","73483.8","74354.8","76255.9","79758.2","81038.4","84517","89721","94177"
"Total","SI - Eslovénia","16340.4","16946.1","18320.7","19784.6","21227.5","21866.8","23249.1","24972.4","26247.5","27692","29122.3","31476.1","35073.5","37925.7","36254.9","36363.9","37058.6","36253.3","36454.3","37634.3","38852.6","40366.6","42987.1","45754.8","48006.6"
"Total","ES - Espanha","470155.7","506362.6","520831","553338.4","595723","647851","700993","749552","802266","859437","927357","1003823","1075539","1109541","1069323","1072709","1063763","1031099","1020348","1032158","1077590","1113840","1161878","1202193","1245331"
"Total","EE - Estónia","2984.7","3765.4","4547.8","5060.3","5411.7","6179.8","6992.2","7827.3","8747.6","9776.2","11336.5","13560.5","16398.7","16638.3","14211.8","14860.7","16826.8","18050.7","19033.4","20180","20782.2","21693.6","23775.8","26035.9","28037.2"
"Total","FI - Finlândia","102643.6","104142.2","112033.4","119733.4","126916","136442","144628","148486","151749","158758","164687","172897","187072","194265","181747","188143","197998","201037","204321","206897","211385","217518","225835.9","233619.2","240078"
"Total","FR - França","1224717.2","1265105.4","1282409.5","1343327.3","1400999","1478585","1538200","1587829","1630666","1704019","1765905","1848151","1941360","1992380","1936422","1995289","2058369","2088804","2117189","2149765","2198432","2234129","2295063","2353090","2418997"
"Total","GR - Grécia","104662.1","114908.2","126353.8","129057.3","139945.1","142976","152193.8","163460.8","178904.9","193715.8","199242.3","217861.6","232694.6","241990.4","237534.2","226031.4","207028.9","191203.9","180654.3","178656.5","177258.4","176487.9","180217.6","184713.6","187456.5"
"Total","HU - Hungria","35469.4","36758.4","41741.4","43408.6","46040.1","51238.5","60012.9","71756.1","75442.8","83753.7","90905.1","92016.6","102253.3","108215.8","94382.6","98986.8","101552.7","99733.6","102032.3","105905.9","112210.3","115259.2","125603.1","133782.2","143826.4"
"Total","IE - Irlanda","52944.6","59772.3","73091.9","80460.9","92632.4","108380.4","121958.6","135959.2","145555.8","156143.8","170187","184993.7","197202","187769.1","170100.5","167732.3","170827","175115.7","179661.3","194818.2","262833.4","271683.6","297130.8","324038.2","347215.3"
"Total","IT - Itália","898299.3","1033759.7","1096302","1134534.9","1175149.5","1241512.9","1304136.8","1350258.9","1394693.2","1452319","1493635.3","1552686.8","1614839.8","1637699.4","1577255.9","1611279.4","1648755.8","1624358.7","1612751.3","1627405.6","1655355","1695786.8","1736592.8","1766168.2","1787664.1"
"Total","LV - Letónia","4124.1","4685.3","5734","6384.2","7032","8605.6","9343.4","10139.9","10463.7","11658.7","13715.6","17255.9","22676.8","24397.2","18807.4","17817.7","20218.7","22098.2","22845.4","23654.2","24426","25072.6","26797.8","29056.1","30476.1"
"Total","LT - Lituânia","5124.1","6603.9","8924.3","10026.4","10293.5","12491.3","13681.4","15173","16668.7","18237.4","21002.4","24079.2","29040.7","32696.3","26934.8","27955.3","31233.7","33331.7","34985","36544.8","37321.8","38893.4","42269.4","45264.4","48339.2"
"Total","LU - Luxemburgo","16508.3","17156.4","17414.8","18058.5","20870.6","23079.4","23771.9","25094.7","26187.8","27935.5","30031","33808.4","37178.9","38128.6","36976.5","40177.8","43164.6","44112.1","46499.6","49824.5","52065.8","54867.2","56814.2","60053.1","63516.3"
"Total","MT - Malta","2829","2997.6","3331.5","3550.5","3835.1","4394.9","4541.1","4737.2","4794.7","4867.2","5142.1","5386.1","5757.5","6128.7","6138.6","6599.5","6835.8","7164.6","7644.9","8507.3","9628","10338.9","11284.4","12366.3","13208.5"
"Total","NL - Países Baixos","346000.8","354929.1","367861.6","391460.9","419459","452007","481881","501137","512810","529286","550883","584546","619170","647198","624842","639187","650359","652966","660463","671560","690008","708337","738146","774039","812051"
"Total","PL - Polónia","108715.7","126003.6","140437.4","154747.6","159267.4","186375.9","212405.7","210146","192274.3","206119.6","246200.1","274600.2","313872.4","366180.6","317081.3","361803.9","380241.7","389376.8","394733.8","411163.2","430258.1","426555.7","467312.9","496360.9","527033.2"
"Total","PT - Portugal","91015.8","96626.8","103306.6","110683.7","119603.3","128414.4","135775","142554.3","146067.9","152248.4","158552.7","166260.5","175483.4","179102.8","175416.4","179610.8","176096.2","168295.6","170492.3","173053.7","179713.2","186489.8","195947.2","204304.8","212302.8"
"Total","CZ - República Checa","45724.2","52771.3","54515","59540.9","60796.5","66838.8","75387.7","87055.1","88249.1","96028.5","109627.7","123943.2","138302.9","161313.1","148682","156718.2","164040.5","161434.3","157741.6","156660","168473.3","176370.1","191721.8","207570.3","220200.7"
"Total","RO - Roménia","28589.8","29035.4","31450.5","37063.3","33726.8","40594.9","45143.6","48695.7","51108.5","60402","79223.9","97215.6","127632","146590.6","125213.9","125408.8","131925.4","133147.1","143801.6","150458","160297.8","170393.6","187772.7","204640.5","222090.2"
"Total","SE - Suécia","202866.1","228205.5","235090.3","239780.2","255440.6","283525.1","268987.8","282019.4","294472.7","308173.7","313789.7","335029.3","356548.7","353309.7","313612","374329.5","411873.8","428825.4","440191.2","437540.9","454184.3","466347.6","479605.4","471207.2","474683.3"
"Total","IS - Islândia","5449.7","5842.7","6682.3","7562.4","8408.4","9752.4","9144.4","9885.9","10104.6","11144","13535.5","13767.6","15726.8","10948.5","9426.4","10332.4","10889","11458.5","12064.1","13389.9","15679.8","18646.1","21704.9","21795.2","21602.7"
"Total","NO - Noruega","116241","128671.9","142336.6","137395.7","152301.8","185788.4","194362.4","207898.4","202462","213032.7","248462.6","275414.7","293167","317021.5","278246.6","323760.9","358339.5","396523.5","393408.7","375947.3","347632.1","333471.3","353316.4","367893.7","359109.3"
"Total","UK - Reino Unido","1025787","1114825.5","1375538.1","1472989.1","1578606.1","1797681.6","1832342.8","1893359.1","1817185.2","1945197.9","2041933.3","2163500.2","2264694.5","1996698.4","1737000.2","1867396","1912457.9","2111708.4","2098425.7","2309785.1","2640934.6","2435055.2","2363109.3","2423736.6","2523312.5"
"Total","CH - Suíça","262110.8","260216.4","252935","263721.6","272140.6","294914.5","311299.7","320237.4","312431.2","317491","328683.1","343498.6","350695.6","378248.1","390207.4","441085.7","504020.9","519716.4","518379.5","534923.7","612658.4","606773.4","602268.2","597008.9","628106.6"
"Consumo Privado","UE27 (2020) - União Europeia 27 (desde 2020)","3541644.4","3730962.6","3815516.6","3966182","4155097.7","4401671","4600045","4739693.1","4881986.8","5081042.9","5319721.5","5573944.9","5853466.7","6082775.2","5916168.6","6108625.8","6273970.3","6333503.8","6367427.4","6449858","6595744.7","6754830.3","6991932.2","7203862.7","7402600"
"Consumo Privado","UE28 - União Europeia (28 Países)","4198509.2","4448524.6","4717613.9","4942277.1","5206599.1","5597158.9","5816997.1","5989282","6071795.9","6353578.5","6644306.2","6959490.5","7298081.9","7365347.9","7038793","7308413.7","7503287.7","7696730.9","7728299.2","7938620.2","8298438.1","8340044.1","8528274.2","8790826.8","9043216.6"
"Consumo Privado","ZE19 - Zona Euro (19 Países)","3227530","3384472.2","3446852.5","3574994.3","3751257.7","3951354.1","4122729.7","4232398.5","4374227.4","4539027.1","4719285.9","4928533","5139963.5","5301038.5","5207294.7","5334701.4","5459301","5498340.7","5524313","5599632.1","5720807.2","5858761.5","6036391.3","6207609.3","6362355.9"
"Consumo Privado","DE - Alemanha","1104338.8","1108170.4","1097209.6","1113504.9","1157371","1187402","1226704","1225271","1248729","1270247","1293777","1328142","1349605","1380826","1380388","1413207","1464938","1507366","1533784","1563899","1602250","1649797","1696964","1743685","1793981"
"Consumo Privado","AT - Áustria","101279.8","103782.3","102873","105899.4","109328.9","115062.8","119328.7","121393.8","125399.1","130533.5","136717.1","142523.5","147713.2","152242.9","154050.5","158310.4","165545.9","170351.3","173819.5","177888.2","181370.8","186890","193349.9","199655.9","205788.1"
"Consumo Privado","BE - Bélgica","116865.6","117634.9","117458","122246.3","126176.4","134116.1","138526","140825.9","143956.1","149126.9","155602.7","162732.4","170591.9","178419.2","177992.9","186792.3","193783.7","200593.7","206109.5","208800.5","213930.1","221090.9","229535.1","237249.7","243202.5"
"Consumo Privado","BG - Bulgária","8345.9","7256.4","6586.4","7539.7","8338.9","9577.1","10910.9","11932.1","12782","14418.3","16530.3","18334.1","22227.2","24426.8","23547.2","24192.6","25663.4","27451.6","26053.6","26799.8","28253","29367.7","31455.4","33480.1","36125.6"
"Consumo Privado","CY - Chipre","4698.8","4972.7","5260.1","5708.5","6037.1","6688.5","7147.5","7462.5","7837.8","8568.5","9259.8","9991.2","11246.2","12689.8","11895.4","12771","13032.8","13005.1","12064.2","12009.1","12103.4","12447.5","13121.3","13777.5","14238.1"
"Consumo Privado","HR - Croácia","11526.6","12097.5","13850.1","14169.9","13459.9","14708.1","16543.8","18699","19598.1","21124.2","23088.4","24479.9","26406.9","29122.2","26951.8","27103.4","27421.1","27315.1","27206","26263.1","26347.9","27160.7","28516.7","30038.3","31343.5"
"Consumo Privado","DK - Dinamarca","71501.7","74169.2","76486.6","79297.4","81393.2","83782.6","85966.7","89082","91350.1","96607.3","101713.4","106912.7","110826.7","114504.6","112122.6","115776.5","118768.9","122304.7","123405.3","125333.5","128622.6","132135.7","136062","140575.6","144649.7"
"Consumo Privado","SK - Eslováquia","8164","9183.3","10157.7","10860.1","10620.9","12219.3","13365.4","14742.5","16319.8","19456.6","21661.5","25038.2","30547","36901","38247.2","38943.4","39676.5","41202.6","41258.7","41995.1","43106.2","44639","47223.6","50183.6","52678.3"
"Consumo Privado","SI - Eslovénia","9633.1","9900.1","10496.1","11249","12187.1","12314.2","12912.3","13712.1","14431.4","14905","15513.7","16085.3","17827.3","19364.5","19934.5","20422.2","20949.4","20840.8","20449.4","20692.9","20985","21759.9","22576.7","23745.8","24823.1"
"Consumo Privado","ES - Espanha","286741.2","306180.8","313587.1","330191.9","355082","386232","415480","439857","464719","500587","538655","579897","619836","637518","608749","623125","622085","613733","601748","612711","630215","648265","678229","700802","717287"
"Consumo Privado","EE - Estónia","1667.3","2179.8","2634.4","2900.6","3030.9","3352","3819.8","4330.1","4823.9","5405.3","6148.3","7318.4","8562.2","8833.4","7517.8","7737.1","8424.1","9149.7","9768.4","10196","10659.7","11226.1","11958.5","12930","13660.6"
"Consumo Privado","FI - Finlândia","52305.5","53680.4","56123.4","58775.4","61991","65220","68774","71649","75349","78394","81746","86134","90871","95815","94773","99020","105260","108645","110708","112803","115144","118169","120160","123740","126256"
"Consumo Privado","FR - França","670048.6","697402.8","694221.6","724833.5","751118","796327","832486","857001","884545","921073","960562","1002371","1050592","1085168","1072341","1104506","1131742","1142970","1156741","1167531","1188170","1212312","1239519","1268501","1298745"
"Consumo Privado","GR - Grécia","71162.9","78092.3","84285.8","86471.1","93393.3","95641.3","100685.6","108123.2","115871.5","124016.9","131812.5","139855.9","150861.6","163039","161838.1","156803.2","144677.9","133667.7","127853.3","125440.6","123078.6","122094","123815.8","125613.8","127425.2"
"Consumo Privado","HU - Hungria","19150.6","19512.9","21497.1","22545.8","25007.6","27888.4","32390.1","39163.2","42491.5","46080.7","49836.5","49065.7","55598.5","58024.8","50621.3","51997.9","53598.3","53689.4","53384.7","53114.3","54865.3","57399.8","62202.9","65152.3","69497.7"
"Consumo Privado","IE - Irlanda","27900.8","31732.9","36845.8","39237.9","44138.7","51131.5","55833.2","60878.5","65104.2","68677.9","74674.7","81673.2","89722.8","91392.2","81182.4","79811.9","79251.2","79626.4","80922.3","83762.7","86844.2","91761.5","95572.9","100525","105631.9"
"Consumo Privado","IT - Itália","528761","604726.3","647962.5","677361.4","710248.4","751730.2","775877.8","798350.8","828303.5","856706.6","885949.2","921982.5","953816.2","973266.3","953183.9","978454.3","1007661.3","995710.1","982189.6","986309.5","1005936.2","1019578.7","1046341.5","1065459.9","1075403.5"
"Consumo Privado","LV - Letónia","2700.5","3188.3","3837.3","4069.4","4574.6","5378.8","5777.8","6237.1","6423.5","7309","8444.2","11108.5","13594.9","14140.3","11367.1","11237","12405.2","13444.8","14133","14494.8","14709.4","15088","16030.5","17172.6","18181.6"
"Consumo Privado","LT - Lituânia","3274.3","4237.2","5474.6","6134.5","6688.4","8121.8","8934","9783.6","10740.1","11888.9","13583.1","15509.8","18460.6","21260.8","18335.4","17892.2","19489.7","20725","21825.4","22656.5","23348.2","24521.6","26267","27958.9","29432.2"
"Consumo Privado","LU - Luxemburgo","7064.8","7160.8","7223.5","7473.1","8151.2","8741.8","9240.7","9784.9","10234.1","10561.2","10901.6","11481.4","12009.8","12548.6","12630.1","12935","13524.8","14200.7","14726.7","15400.5","15692.9","16280","16937.7","17874","18730.4"
"Consumo Privado","MT - Malta","1707.8","1878.2","2069.9","2204.6","2412.3","2762.9","2912.6","2893.7","2935.8","3072.4","3239.3","3419.1","3485","3605.5","3742.3","3814.9","4010.4","4097","4232.7","4348.1","4637.3","4775.9","4986.9","5406","5615"
"Consumo Privado","NL - Países Baixos","170310","177536.1","183146.3","196122.1","213006","227496","239644","250713","256214","261633","268879","275889","286818","295433","285532","290509","296819","297167","300441","304244","310816","316041","327261","341458","354862"
"Consumo Privado","PL - Polónia","64363.3","76961.1","87025.2","95649.2","99425.4","118582.7","136787.7","139394.9","124826.1","132273.3","154746.2","169950.5","189001.5","226232.5","195247","222745.1","233716.2","239544.8","240551.5","246787.5","251305.2","249443.8","272531.6","288186.3","302422.7"
"Consumo Privado","PT - Portugal","58905.2","62832.5","65985.7","69750.6","75701.5","81416.2","85280.5","89388.8","92290.7","96864.3","102159.3","107380.7","113802.7","118575.1","113594.1","118409.3","116024","111844.8","111538.1","114449.6","117810.3","122024.4","126541","131899.5","136187.9"
"Consumo Privado","CZ - República Checa","22405.9","26180.9","28073.5","30145.5","31015.1","33800.1","37602.8","43409.9","44037.2","46915.9","52453.6","58218.8","63703","76413","72279.1","76724.6","80468.8","79436","77945.8","75307.3","78895","82957.5","90907.5","98483.3","104387.5"
"Consumo Privado","RO - Roménia","19860.3","21224.4","22902.4","28736","24378.5","27935.3","31223.1","33447.7","35016.5","42398.8","56343.6","66836.6","85967.7","93656.5","79041","80035.9","83689.2","84747","87892.7","92563.9","98984.6","106504.5","118274.9","129914.7","141985.7"
"Consumo Privado","SE - Suécia","96960","109087.9","112242.7","113104.3","120821.5","134042.5","125890.2","132165.7","137657.9","142197.2","145723.6","151613.7","159771.7","159356.2","149064","175348.3","191343.6","200674.4","206674.8","204056.4","207663.9","211099.2","215589.8","210422.8","210300.1"
"Consumo Privado","IS - Islândia","3116","3368.9","3811.5","4332.4","4954.7","5794.7","5053.3","5368.4","5718","6300","7922.9","7865.1","8802.1","5724.3","4826.9","5324.8","5678.9","6155.7","6372.2","7059.6","7837.1","9251.7","10929.9","11117.7","10975.2"
"Consumo Privado","NO - Noruega","56834.3","61853.7","66762.5","66672.1","71842.8","78887.9","82944.1","92963.1","92556.9","94434.1","104207","110842.7","118666.3","121699.1","117550","135818.1","144376.5","157403.2","158119.1","154218.4","151321.6","151918.9","157784.6","159788.5","161790.6"
"Consumo Privado","UK - Reino Unido","656864.8","717562.1","902097.4","976095.1","1051501.4","1195488","1216952.1","1249588.9","1189809.1","1272535.6","1324584.7","1385545.6","1444615.2","1282572.7","1122624.4","1199787.8","1229317.4","1363227.2","1360871.8","1488762.2","1702693.4","1585213.8","1536342.1","1586964.1","1637824.3"
"Consumo Privado","CH - Suíça","151054.7","152180.6","148691.6","154307.6","160021.8","169819.4","179809.3","185259.6","181219.9","182656.9","187057.7","189004.2","187731","200790.7","212564.4","237548.5","267880","277377.5","277169","284072.8","326531","323932.6","323501.1","317965.2","333713.4"
"Consumo Público","UE27 (2020) - União Europeia 27 (desde 2020)","1281797.9","1346846.8","1365743.2","1403573.7","1472796.7","1546578.2","1625805.2","1716428","1788773.7","1852950","1939042.4","2032564","2124167","2247017","2315797","2373218.5","2398017.9","2417325.3","2454408.3","2494450.8","2540678.7","2604741.2","2686133.2","2768730","2866597.5"
"Consumo Público","UE28 - União Europeia (28 Países)","1457653","1533165.4","1587677.3","1641292.4","1734490.2","1848240.3","1944873.5","2060847","2131515.6","2232107.5","2341284.3","2461285.1","2569049.7","2655280.4","2698443.4","2777669.3","2799044.5","2856084.9","2876696","2952470.7","3055496","3070307.2","3127196.5","3216594.3","3342788.3"
"Consumo Público","ZE19 - Zona Euro (19 Países)","1147718.8","1201203.4","1214499.7","1244154","1302931.2","1361568.9","1431694.2","1507654.5","1573145.9","1629360.2","1696401.9","1770878.6","1842213.7","1937664.7","2022295.9","2054733.2","2071827.7","2082356.1","2111525.2","2146962.6","2183307.6","2235326.3","2296883.8","2363175.6","2442152.9"
"Consumo Público","DE - Alemanha","384132.9","387934.4","377926.6","382118.9","396382","401666","411673","422733","427400","425747","429651","437132","446296","464876","488943","501679","513660","529210","551894","573455","592688","620014","644342","665597","699405"
"Consumo Público","AT - Áustria","36113.8","36581.7","36820.8","38130.8","40451.4","41054.6","41847.2","42714","44006.7","45782.9","49154.1","51578.4","53231.1","56614.2","59579.6","60636.8","61705","63286.7","64509.8","65972.4","68033.4","70275.5","72184.2","74526.2","76991"
"Consumo Público","BE - Bélgica","46911.3","47772.9","47174.5","48732.6","51568","53942.1","56339.3","60495.8","63226.1","65885.7","68499.7","71334.3","74276.3","79726.6","83818.4","86182.9","90418.1","93853.4","95520","97663.4","98404.4","100024.2","102973.5","106091.3","109593.6"
"Consumo Público","BG - Bulgária","2227.5","1361.3","1222.2","2465.2","2510.5","2850.4","3080.6","3352","3780.5","4084","4364.1","4974.1","5417.8","6387.7","6263.5","6318.7","6574.5","6672.6","7184.2","7242.4","7368.5","7600.2","8182.4","9228.2","10645.9"
"Consumo Público","CY - Chipre","943.1","1037.5","1244.4","1470.3","1580.3","1630","1849","2006.9","2305.5","2310.5","2483.5","2748.4","2892.8","3241.5","3506.6","3594.7","3780","3657.6","3320.5","2926","2925.5","2886.9","3001.9","3149.8","3599.6"
"Consumo Público","HR - Croácia","4322.1","4254.4","4568.1","5143.3","5163","5031.2","4980.4","5443.5","5699.7","6226.7","6744.9","7407.2","8393.6","8963.1","9242.7","9251.1","9255.4","9040.2","8892.9","9006.1","8972","9129.7","9585.8","10040.2","10595.9"
"Consumo Público","DK - Dinamarca","34019.6","35638.2","36204","38159.3","40684.4","42499.6","44768.9","47200.2","48411.9","50471.7","52141.1","54586.5","56800.7","60647.1","64607.5","66544.3","65848.5","67390.5","67292.5","68527.2","69535.4","70405.1","71999.9","73365.9","74655.5"
"Consumo Público","SK - Eslováquia","3644.8","4314.6","4444.3","4714.6","4113.2","4644.1","4995.9","5368","6238","6545.1","7282.7","8559.1","9658","11589.1","12814.8","13104.3","13058.3","13034","13371.3","14003.2","14853.5","15329.8","15982.6","16698.4","18296.5"
"Consumo Público","SI - Eslovénia","2912.3","3002.8","3233.5","3489.7","3778.3","4036.8","4377.3","4658.7","4927.6","5213.1","5506.5","5871.3","6121.7","6887.4","7308.2","7425.3","7620.3","7379.5","7159.9","7108.4","7313.3","7712.9","7922.6","8393.8","8846.2"
"Consumo Público","ES - Espanha","82812.2","88548.7","88575.8","93280.5","100025","108177","115977","124608","134593","147556","160726","174267","190431","208850","220705","221331","219898","205982","202852","202678","209910","212278","216332","223819","233337"
"Consumo Público","EE - Estónia","734.2","852.6","929.2","1048.9","1197.1","1220.8","1314.7","1432.6","1573","1711.3","1923.2","2167.7","2638.2","3110","3000.5","2982","3152.8","3343.8","3614.2","3851.6","4152.9","4415.9","4723.7","5108.3","5578.7"
"Consumo Público","FI - Finlândia","22473.5","23077.3","23876.4","24634.6","25713","26930","28818","30629","32014","33632","35262","36863","38849","41893","43742","44564","46255","48444","50133","50705","51545","51489","51570","53389","55455"
"Consumo Público","FR - França","283848.5","296916.4","300095.9","303796.2","317060","330107","340586","360773","377392","392686","407342","420624","435508","449532","466306","478655","488750","500279","510490","518650","523400","530212","543574","550864","559059"
"Consumo Público","GR - Grécia","18622.2","20232.8","22342.7","22581.8","25162.2","26107.4","28483","31429.1","33918.3","37106.3","39888.8","43911.1","47749.6","50143.1","55366.9","50188.4","45103.7","41564.3","36923.7","36229.9","35978.2","35401.2","35695.2","35362.8","36537.2"
"Consumo Público","HU - Hungria","8111.7","7952","8872.3","9079.2","9786.9","10861.2","12652.7","15689.1","17358.9","18472.7","20151.6","20259.7","21280","23157.8","20831.5","21351.5","21040.6","20005.4","20164.7","21246.9","22235.5","23205.9","25546.6","26355.4","27866.7"
"Consumo Público","IE - Irlanda","9125.9","9915.2","11767.6","12469.2","13843.2","15915.8","18734.7","21467","23343.6","25202.9","27283.3","30017.1","33274.7","35284.3","34252.6","31514.3","31325.8","30959.3","30447.4","31265.8","32197.5","33455.8","35606.3","38561.5","41497.1"
"Consumo Público","IT - Itália","156616.5","182112.1","193857.5","198866.6","206206","220195","239959","250419","264649","278255","292969","302522","307266","320333","326155","331166","326718","321754","319441","317979","316344","322650","327002","334836","336148"
"Consumo Público","LV - Letónia","974.3","1032.2","1209.1","1448.9","1588.4","1803.1","1925.6","2097.4","2199.9","2324.3","2455.6","2976.6","3996.3","4817.3","3587.7","3283.9","3687.5","3844.3","4027.4","4145.5","4415.3","4526.2","4852.5","5242.3","5536.9"
"Consumo Público","LT - Lituânia","1229.1","1589.8","2155.8","2595.1","2435.8","2798.7","2892.9","3119.9","3259.2","3495.4","3886.4","4605.5","5066.8","6100.8","5719.8","5563.3","5737.2","5831.7","5836.4","6077.5","6428.2","6610.8","6895.8","7464.1","8207.3"
"Consumo Público","LU - Luxemburgo","2628.5","2762.3","2834.8","2855","3197.3","3424.7","3762.9","4072.4","4390.1","4753.3","5149.5","5362","5657.7","5999.1","6457.8","6844.4","7204.7","7679","8042.9","8341","8593.1","8733.3","9333.3","10004.5","10858.3"
"Consumo Público","MT - Malta","508.7","573.4","611.8","650.5","684","779.2","862.3","891.4","903","929.8","931.1","1002.7","1032.7","1209.4","1213.9","1286.4","1347","1450.7","1481.1","1606.7","1691.3","1669.2","1728.1","1993.9","2287.3"
"Consumo Público","NL - Países Baixos","77593.9","75864.5","77218.4","81531.7","86383","92910","101160","110867","117438","119129","122735","135551","143861","152051","162444","167744","167706","169945","170326","172465","172354","174842","179491","187606","196018"
"Consumo Público","PL - Polónia","20520.1","23314.1","25398.7","27398.4","28480.4","33688.7","39631","39150.7","36343.8","37678.3","45085","50808.5","56883.5","68179.7","59368","69175.7","68639","69812.7","71568.6","74743.9","77614.3","76347.9","82625.8","88357.2","93810.5"
"Consumo Público","PT - Portugal","15893","17082.2","18180.5","19738.2","21562.9","24226.7","26136.2","27872.3","29369","31094.6","33272.5","33785.4","34406.8","35406.9","37374","36987.5","34700.4","30857.8","32134.5","31839.2","32080","32799.6","33673","34582.6","35670.2"
"Consumo Público","CZ - República Checa","9310","10370.7","11087.5","11497.4","12307.4","13281.6","14946.1","18531.5","19644.6","20149","22670.5","25090.7","26861.4","31302.7","31219.9","32641.7","33068.8","31972.6","31793.8","30838","32374","33982.3","36786.4","41293","44765.3"
"Consumo Público","RO - Roménia","3501.9","3389.3","3991.6","4407.8","5638.6","6843.9","7131.2","7218.8","8200.3","8895.8","12865.9","15479.9","19643.3","23280.2","20165.1","19407.3","18811.5","19340","20236.6","21416.8","22029.3","25709.7","29497.2","34297.4","38641.6"
"Consumo Público","SE - Suécia","52066.2","59363.2","59899.1","61269.1","65294.4","69952.8","66920.1","72187.6","76188.2","77611.7","78617.4","83078.8","86672.9","87434","81802.7","93795.1","102951.9","110735.3","115749.8","114466.9","117242.1","123034","125025.4","122617.1","123463.6"
"Consumo Público","IS - Islândia","1156","1234.2","1387.2","1601.3","1850.1","2193.9","2073.7","2405.1","2533","2678","3218.8","3259","3629","2591.9","2354.1","2550.4","2685.1","2800","2907.5","3205","3658.6","4271.8","5096.3","5235.3","5258.8"
"Consumo Público","NO - Noruega","24367.2","26204","28436","29356.2","32021.3","35089.3","38994.3","45050.6","44525.3","44317.8","48306.3","51335.4","54906.4","58670.1","60096.9","69091.2","74960.4","82246.9","83047","82211.2","80786.3","81229.1","84817.2","86145","87925.6"
"Consumo Público","UK - Reino Unido","175855.2","186318.5","221934.1","237718.6","261693.5","301662.1","319068.3","344419","342741.9","379157.5","402241.9","428721","444882.7","408263.4","382646.4","404450.7","401026.6","438759.6","422287.6","458019.9","514817.3","465566","441063.3","447864.3","476190.8"
"Consumo Público","CH - Suíça","31864.1","31888.1","30204.2","30894.5","31957","34142.5","36354.6","38630.9","38261.7","38119.1","38858.8","38862.1","38258.3","41771.6","45952.1","51175.2","58876.5","61632.4","61851.8","64035.3","73109","72800.2","72453.4","70521.2","74770"
"Formação bruta de capital","UE27 (2020) - União Europeia 27 (desde 2020)","1412568","1440950.2","1496781.6","1615265.6","1707306.8","1859792","1895481","1882599.3","1930064.5","2040795.2","2150225.1","2382869.8","2626170.6","2661881.1","2180713.6","2322789.8","2461565","2311489.5","2289859.3","2392089.4","2537181.8","2635187.8","2799743.5","2951778.7","3100540.7"
"Formação bruta de capital","UE28 - União Europeia (28 Países)","1602839.3","1650021.2","1741432.7","1883534.3","1994623.4","2191497.7","2232131.7","2230718.8","2254720.9","2383874.2","2514390","2776537.4","3046197.2","3010698.1","2440333.8","2623227","2760983.1","2645964.9","2631914.7","2787297.3","2997057.2","3058906.5","3214109.2","3374355.6","3540419"
"Formação bruta de capital","ZE19 - Zona Euro (19 Países)","1283190.9","1297648","1339101.4","1443055.6","1532652.2","1657385.1","1690267.7","1674229","1719120.3","1807747","1893604.9","2081459.9","2265298.8","2271968","1889944.9","1999735.6","2109591.1","1967292.8","1949385.3","2031086.1","2149456.6","2245638.3","2376257.2","2492029.6","2628644.8"
"Formação bruta de capital","DE - Alemanha","481086.8","457791.7","456434.6","480605.2","494346","516450","498825","456690","451974","448863","445880","490628","534402","546125","453841","514567","582758","541265","563781","596326","605997","633518","673242","729029","734682"
"Formação bruta de capital","AT - Áustria","49338.4","49243","49243.3","50909.1","53240.8","55381.7","55485.8","53606.2","56594.7","58311.5","60534","63234.2","69814","71876.1","65603","66895.9","74866.5","76403.8","76842.5","78394.4","81955.1","86425.3","91705.7","96854","101417.3"
"Formação bruta de capital","BE - Bélgica","47994.5","47580.1","49737.1","51628.9","54977.2","60973.9","59829.1","56693.5","58952.8","67280.3","73420.2","77940.6","84541.5","91230.8","76824.4","83982.6","92138.2","91484.5","88115.9","93239.6","98458","104120.9","107635.3","117229.1","120825.6"
"Formação bruta de capital","BG - Bulgária","2572.9","113.8","979","2514","2540.9","2743.9","3396","3588.1","4149.6","4942.8","6668.6","8786.6","10910.2","13753.2","10678.3","8622.1","8859.3","9248.4","8834.3","9253.7","9617.5","9244.6","10404.3","11927.7","11825.8"
"Formação bruta de capital","CY - Chipre","2019.8","1914.1","2026.7","1746.4","1962.3","2223.5","2076.3","2472.3","2532.5","3076.2","3376","4001.6","4288.9","5504.4","4272","4663.3","3748","3150","2325.9","2309.8","2330.1","3217.5","3991.5","4044.4","4192.1"
"Formação bruta de capital","HR - Croácia","2936","3822","5427.4","4921.7","4674.5","4792.2","5664.1","7041.4","8646.6","9011","9856.5","11744.4","12891.9","14825.7","11399.7","9518.6","9012.9","8333.7","8545.6","8297.2","9198.6","9804.1","10687.7","11982.5","12298.9"
"Formação bruta de capital","DK - Dinamarca","29259.2","29662.8","33788.3","35828.3","34876.7","39789.8","40168.3","40508","40452.9","43908.1","47262.5","54800.2","58994.2","57948.8","44147.2","43954.7","47411.9","49557.1","50948.5","53393.3","56326.8","61648.3","63887.3","69176.9","70610.9"
"Formação bruta de capital","SK - Eslováquia","3621.3","5812","6733.8","7003.2","5716.5","6058","7328.1","7924.6","7705.6","9297.4","11690.2","12983.6","15890.8","18781.2","13141.5","16256.4","17977.4","15191.5","15558.4","16583.6","19346","18679.4","19461.2","21021.7","22234.3"
"Formação bruta de capital","SI - Eslovénia","4161.2","4254.6","4799.5","5380.6","6181.2","6320","6201.6","6354.1","6971.9","7974.6","8288.5","9534.6","11590.6","12472.1","8502.2","8131.6","8038","6800.8","7140.2","7291.3","7445.6","7443.6","8619.3","9622.3","9950.6"
"Formação bruta de capital","ES - Espanha","105873.5","112547","117765.4","132397.8","152134","172590","185476","200012","220651","243095","272524","306822","327418","315715","249188","239247","218836","190090","175660","184777","204702","208882","225731","244949","259645"
"Formação bruta de capital","EE - Estónia","789.2","1036.1","1399","1602.6","1400.6","1757.4","2066.9","2576.8","3077.8","3388.5","3783.8","5404.8","6561.8","5257.1","2969.1","3197.6","4282.4","5260.6","5143.3","5432.8","5158","5502","6318.5","6826.1","7865.8"
"Formação bruta de capital","FI - Finlândia","20885.1","21078.8","24372.8","27556.5","28436","32561","33521","32745","33729","36308","40520","41489","47800","49046","39026","41547","47607","47024","45634","45354","45898","50571","53972","58628.5","57718"
"Formação bruta de capital","FR - França","251227.9","248242.4","249454.3","277807","299308","332505","340940","338455","345475","373003","396492","429468","469126","480759","413100","437892","477972","472626","471862","488208","499315","505123","536258","551926","573694"
"Formação bruta de capital","GR - Grécia","23519.2","26835.5","28354.9","32490.8","33796.3","36924.5","39100.6","40456.1","48975","49024","44031.1","56974.9","63132.6","59315","43558.8","38534.4","31271","24480.1","20957.8","21279.8","18110.5","20251.2","22544.4","24219.5","23511.9"
"Formação bruta de capital","HU - Hungria","8209.8","9119.4","10970.3","12464.9","12506.4","14380","15744.5","18372","18564.8","22516","23015.1","23730.7","24824.9","26647.9","19125.1","20394.4","20701.6","19282.8","21349.1","24823.7","26146.8","24570.6","28698.5","36423.1","41175.5"
"Formação bruta de capital","IE - Irlanda","9980.3","12257.1","16253.6","19414.7","22859.4","26590","29614.2","32751.8","37477.6","42531.2","51619.6","58975.7","57639.1","46197.3","34418.7","28920.7","29178.4","35418.5","33682.3","43322.3","67585.4","101648.6","99273","77042.6","152153.4"
"Formação bruta de capital","IT - Itália","180040.2","200085","213797.5","223894.6","237769.4","259036.4","271825.9","291267.5","295387.3","308798.5","316193.2","340933","359238","356666.6","307703","331598","337468.8","288965.5","272432.3","275995","283186","297797.6","313525.7","323626.4","321196.1"
"Formação bruta de capital","LV - Letónia","645.5","888.5","1207.5","1639.4","1560.1","2111.4","2611.9","2835.2","3154.6","3840.6","4803.7","6739.5","9399.3","8585.5","4156.4","3559","5131.6","5790","5495.3","5495.5","5523.2","5212.1","5873","6695.1","6694.8"
"Formação bruta de capital","LT - Lituânia","1165.2","1390.6","2193.1","2440","2197","2343.2","2602.2","3130.6","3634","4136.5","5051.8","6435.2","9324.8","9118.1","3332.2","5061.2","6847.8","6571.2","6815","7145.3","7917.8","7457.7","8099","8962.3","8296.3"
"Formação bruta de capital","LU - Luxemburgo","3458","3353.1","3680","4214.9","4838.2","5138.7","5173.8","4942.1","5357.2","5675.4","6298","6181.6","7141.6","7889.9","5994.6","7186","8393.8","8545.9","8843","9934.9","10061.2","10426.1","10565.5","10546.6","11068.9"
"Formação bruta de capital","MT - Malta","879.3","826.6","811.8","789","827.1","1169","841.9","743.9","914.2","929.8","1097.6","1146.1","1207.4","1329.1","1274.7","1558.2","1324.7","1284","1451.4","1502.5","2370","2469.5","2170.2","2358.3","2639.5"
"Formação bruta de capital","NL - Países Baixos","75180.1","80076.7","84030.4","89815.7","97385","102019","109475","105282","105065","107558","112678","122893","144573","144525","129475","129254","130330","122266","122252","120294","155079","145121","152004","159903","172319"
"Formação bruta de capital","PL - Polónia","21393.8","27349.4","33286.8","38968","40555.4","45907.9","43666.3","38762.4","36208.7","41699.2","48967.7","59507.4","79076","90225.8","65183.7","77112.2","85325.4","81733.7","74925.1","83707.2","88030.9","83546.9","92612.2","102760.5","105935.9"
"Formação bruta de capital","PT - Portugal","22019.8","23585","27401.4","31342","34718.2","36953.4","38230.8","36927.7","33763.2","36272.1","37035.7","38116.3","40536.5","42231.5","36561.2","37944.6","32749.9","26425.7","24946.6","26506","28494.1","29526","33755.3","36975.4","40049.1"
"Formação bruta de capital","CZ - República Checa","15423.8","18784.3","17617.1","18059.7","17729.7","20992.6","23784.3","26225.9","25626.7","28183.3","31928.7","37237.5","44356.9","50106.8","39420.3","42506.2","44221.3","42272.6","38910.2","40544.2","47098","45820.6","49604.1","54526.1","57805.7"
"Formação bruta de capital","RO - Roménia","6666","6705.8","6698.6","6813.3","5278","7984.8","10272.9","10797.2","11854.8","14627.3","18166.6","26702.2","39996.1","48511.5","34053.5","34039.7","37087.2","35883.3","36791.3","37139","40280","39758.6","43988.8","46568.4","50260.3"
"Formação bruta de capital","SE - Suécia","42915.2","47745.1","48912.3","52640.3","56493","65816.1","62516.7","63075.6","65440.1","68160.4","70754.5","78900.7","89821.6","87893.4","66761.1","86906.4","99354.1","97885.1","100169.9","103845","111026.6","115155.8","123603.5","126383.7","122670.6"
"Formação bruta de capital","IS - Islândia","989.9","1210.9","1452.9","1958.1","1984.2","2437.4","2097.1","1962.3","2153","2758.9","3989.8","4983","4723.2","2868.7","1414.4","1436.6","1686.1","1842.1","1857.9","2315.5","3065.5","3958.5","4779.3","4785.1","4348.3"
"Formação bruta de capital","NO - Noruega","28018.9","29337","35677.2","38903.2","37470.9","40574.3","40072.1","42575.4","39651.9","46217.9","56216.4","66599.9","80272.7","82937.6","68833.5","82363.2","92868.1","104740.5","109566.8","104444","95554.5","93722","98343","100588.9","104283.1"
"Formação bruta de capital","UK - Reino Unido","190271.4","209071","244651.2","268268.7","287316.7","331705.7","336649.1","348119.5","324657.9","343079","364165","393667.6","420025.1","348817","259619.1","300436","299418.1","334474.1","342055.4","395207.9","459875.5","423717.5","414126.2","416806.6","438913.4"
"Formação bruta de capital","CH - Suíça","68004.3","66229.4","61113.5","66553.7","67236.2","72873.8","77656.3","74823.9","72057.4","68301.1","78933.3","86556.8","85090.2","95807.4","102305.3","105257.8","134751","126734.6","116876.8","124297.4","141324.6","140162.8","142730.5","135531.9","140302.2"
"Exportações de bens e serviços","UE27 (2020) - União Europeia 27 (desde 2020)","1791266.6","1899409.2","2107767.6","2242050.7","2370450.2","2807175.8","2940286.5","2996641.7","3010245.5","3298191.9","3578558.8","4005817.7","4374179.9","4563950.6","3845659.7","4431115","4897180.1","5108629.3","5184856","5398050.3","5766841.9","5868817.4","6324080.6","6631908.8","6853793.1"
"Exportações de bens e serviços","UE28 - União Europeia (28 Países)","2053407.8","2190944","2459223.7","2598063.9","2748116.6","3260171.8","3399038.3","3453157.8","3443764.7","3759450.9","4088503.3","4592149.5","4945783.2","5102847.7","4303760.1","4959122.6","5484305.1","5741616.1","5813389.1","6056386.5","6497097.8","6561328.5","7041665.3","7373935","7638724.2"
"Exportações de bens e serviços","ZE19 - Zona Euro (19 Países)","1589975.4","1680609.1","1862571.9","1977944.8","2090888.9","2465315.1","2582292.9","2624450.6","2628633.4","2865350.7","3082820.2","3427204.2","3726736.9","3857570.6","3261640.7","3735355.4","4119422.7","4300929.6","4360988.5","4536270.8","4850452","4928908.7","5295876.2","5547937.2","5719995.3"
"Exportações de bens e serviços","DE - Alemanha","434958.9","449875.3","495189.2","528353.6","555220","650606","691839","716424","725654","808022","870921","988208","1082874","1115342","932310","1091549","1213641","1271274","1276878","1335472","1419545","1442413","1538042","1585770","1612057"
"Exportações de bens e serviços","AT - Áustria","61818.8","64035.2","69558.6","74789","80229.6","92590.5","98392.9","102755","103342.1","113581.9","123530.7","136166.4","149261.3","156424.9","130217.3","151683","167310.3","171988.8","173101.8","177855.3","182769.3","187407.6","200099.2","215057","221782.7"
"Exportações de bens e serviços","BE - Bélgica","132402.8","134602","144495.3","148252.8","156441.2","185994.4","189295.4","193550.7","194130.8","210463.8","230304.7","249732.6","269059.8","284492","238491.1","275442","303396.1","310501.8","311649.5","321600.7","324215.7","341615.1","367409.4","379699.6","386328"
"Exportações de bens e serviços","BG - Bulgária","4693.4","4767.2","4989.7","5635.9","5473.9","5218","5548","5881","6469.8","8639.1","10224.1","12876.6","16996.9","19546.2","15797.3","19183.7","24390.8","25503.6","27156.7","27795.2","29228.3","31151.6","35206.5","36939","38573.7"
"Exportações de bens e serviços","CY - Chipre","5071.3","5539.5","5821.5","6287.6","6585.4","7559.2","7914.2","7540.4","7434.7","7929.3","8375.7","8690.7","9368.8","9520.3","9099.1","9778.7","10593.7","10753.1","11041.8","11508.6","12537","13352.6","14632","15444.4","15607.4"
"Exportações de bens e serviços","HR - Croácia","4784.2","5812","6606.4","6682.8","6687.1","8272.2","9623","10310.8","11027.5","12353.9","13400.3","15241.7","16640.8","17472","14719.7","16319.2","17408.5","17367.7","17671.2","18793","20693","22204.5","24561.4","26070.8","27586"
"Exportações de bens e serviços","DK - Dinamarca","51784.5","54801.7","57834.6","58809.2","65700.9","79836.3","83841","86744.8","84763.1","88920.9","100993.5","114412.1","120151.6","130896","108992.3","122854.3","133409.3","139077.2","141865.6","145138.2","151301.4","151254.1","161230.4","167671","173711.5"
"Exportações de bens e serviços","SK - Eslováquia","8263.1","8406","10363.2","9255.3","9045.3","11912.2","13656.9","15006.4","18774.5","23998.9","28489.4","37047","46976.2","52976.3","43608.1","52647.4","60542.9","66896.6","69607.6","69788.1","73395.8","75955.3","80380.6","86213.1","87712.1"
"Exportações de bens e serviços","SI - Eslovénia","7424.7","7817.4","8713.7","9396.9","9362.6","10963","12030.6","13065.8","13387.2","15245.8","17418.4","20418.6","23814.6","25149.8","20761.1","23372.8","26032.6","26425.6","27055.1","28659.2","29974.3","31474.4","35664.2","38785.4","40535.3"
"Exportações de bens e serviços","ES - Espanha","102621.4","116627.3","133696.2","144432.1","156982","185048","195308","199036","205612","218400","231647","253378","279476","284308","246604","278386","314182","324335","336333","345593","362356","377370","408730","422170","434250"
"Exportações de bens e serviços","EE - Estónia","1969.2","2310.2","3205","3731.5","3777.6","3803.4","4279.7","4533.6","4998.5","5972","7422.5","8584.6","10267","11033.1","8601.3","11063.1","14443.1","15445.6","15992.5","16412.6","15976","16802.5","18102.4","19333.4","20347.4"
"Exportações de bens e serviços","FI - Finlândia","36710.4","37823.9","42323.3","44826.7","47726","57348","57510","58110","56634","61305","66325","74474","81986","87225","65576","72274","77022","78019","77678","75479","74845","75719","85085","90174","95975"
"Exportações de bens e serviços","FR - França","277066.9","291677.2","327311.9","350964.3","365332","422801","434786","437146","425799","451034","477378","516282","540732","560245","480921","534504","585016","609994","621707","637764","672558","675769","707336","737399","759360"
"Exportações de bens e serviços","GR - Grécia","15097.8","16416.9","20497.5","21031.9","26947.9","33911.6","34683.1","32876.6","33177.2","40114.9","42463","46130","52403.5","56532.8","45089.2","49957.9","52865.7","54844.9","54834.8","57836.5","55930.8","53058.9","59454.5","66735.6","69710.4"
"Exportações de bens e serviços","HU - Hungria","13899.9","15395.4","19996.4","22976.3","25618.4","34257","38934.7","41716.8","42499.3","49962.8","56945.3","67971.6","79698.6","85788.9","70220.3","80922.1","87930.1","86092.1","87323.8","92580.7","98722","100450.4","109454.4","113633.1","119847.7"
"Exportações de bens e serviços","IE - Irlanda","38878.3","44720.6","56392.7","67936.3","80226.8","102408.1","116258.7","123009.4","117685.2","125751.1","135441","146148","159304.6","157941.9","158596.1","172796.6","177303.1","183012.7","186244.3","214349.7","320564.9","328235.4","359654.9","396383.2","440253.2"
"Exportações de bens e serviços","IT - Itália","221632.8","245049.5","264754.6","273002.6","272643.4","318171.6","334498.2","329564","324994.1","348699.3","367450.6","406392.3","441837","439931.5","353292.1","404013","443061.3","460980.7","461783","473718.7","491905","497338.5","533719.8","555490.7","565003.7"
"Exportações de bens e serviços","LV - Letónia","1430","1901","2283.3","2512.1","2468.4","3175.4","3562.4","3715.6","3784.7","4562.1","5926.3","6901","8720.4","9630.5","7987.8","9544.9","11680.3","13523.9","13766.8","14476.9","14831.5","15144.3","16648.5","17870.8","18256.8"
"Exportações de bens e serviços","LT - Lituânia","1903.3","2769.7","4012.9","3922.8","3336.6","4814.9","6025.7","7183.2","7695.9","8634.8","11308.1","13392.9","14624.4","18682.3","13989.7","17925.5","22824.3","26135.6","27565.1","26437.5","25685.5","26283.9","31112.7","34229.3","37743.7"
"Exportações de bens e serviços","LU - Luxemburgo","16917","18275.8","20174.5","22785.9","27305","34269.5","35049.2","35625.6","36374.9","42751.3","48553.1","59586.3","67995.7","71343.1","60667.2","70119.6","76828.6","82244.5","88641.5","105930.4","115167.8","116886.8","123639.9","127047.7","132592.1"
"Exportações de bens e serviços","MT - Malta","3459.1","3420.4","3685.4","3917.5","4309","5244.6","4927","5287.9","5164.9","5035.8","5366.9","6649.4","7458.1","9099.7","9068.9","10114.1","10965.1","11845","12001.8","12664.5","14850.8","15716.4","16895.1","17922.3","18571.2"
"Exportações de bens e serviços","NL - Países Baixos","197985","203688.4","222041.1","232294.2","251277","298475","305023","301426","304015","331726","361556","398550","425837","451703","388883","446176","491041","519130","527581","541129","570353","563377","615553","652685","670135"
"Exportações de bens e serviços","PL - Polónia","24961.7","27840","32805.3","40206.6","38422.4","50748.2","57837.7","60434.2","64202.9","70626.5","85209.5","103975.5","121044.2","138625.6","117905.5","144921","161842.9","173053","182840","195585.9","212966.9","222634.5","253924.4","275928.9","292902.1"
"Exportações de bens e serviços","PT - Portugal","24364.7","25652.9","28052","30251.7","31673.3","36218.8","37253","38594.2","39974.7","42122.6","42942.7","50472.4","54740.6","55989.5","47877.7","54007.7","60673.7","63578.7","67526","69595.2","72990.7","74989.1","83717","89292.7","93102.5"
"Exportações de bens e serviços","CZ - República Checa","18472.4","20220.3","22057.6","25131.3","26094.1","32211.1","36961","39282.9","41395.3","55063.2","68168.6","80794","91845.5","101992.4","87253","103480.3","116972.6","122964.7","121257.5","129316.1","136546.4","140312.3","152852.2","162870.4","166220.1"
"Exportações de bens e serviços","RO - Roménia","7327.6","7682","8868.2","8530.3","8992.2","8764","9979.4","11693.3","12374.8","15549.8","19437.8","24081.5","31538.9","38341.3","32585.2","40630.8","48854","49808.9","57338.2","61934.8","65751","70177.6","77869.5","85102.9","89163.4"
"Exportações de bens e serviços","SE - Suécia","75367.6","82281.5","92037.6","96133.5","102572.4","122554","115268.7","116127.3","118879.5","131725.2","141359.5","159260.5","169526.5","173717.7","136545.8","167448.2","186949.1","193832.6","188414.5","190635.6","201180.8","201723.5","213105.5","215755.3","225207.9"
"Exportações de bens e serviços","IS - Islândia","1904.5","2088.2","2371","2556.6","2732.2","3140.7","3388.6","3512.6","3300.4","3608.8","4115.1","4243.1","5193.3","4448.4","4585.5","5371.2","5962.9","6304.2","6453.4","6898.6","8122.9","8882.5","10007.4","10356.1","9790.3"
"Exportações de bens e serviços","NO - Noruega","43221.5","51394.6","57727.8","50710.1","58795.6","84965.4","87389.8","83935.1","80236","87537.1","107839.1","122957.7","126936.8","145565.9","109172","128726.8","147900.9","161315.4","154205.1","146605.7","131411.2","118248.7","128370.4","141424.4","132054.1"
"Exportações de bens e serviços","UK - Reino Unido","262141.2","291534.8","351456","356013.2","377666.5","452996","458751.8","456516.1","433519.3","461259","509944.4","586331.8","571603.3","538897.1","458100.4","528007.6","587124.9","632986.8","628533.1","658336.2","730256","692511.1","717584.7","742026.2","795910.1"
"Exportações de bens e serviços","CH - Suíça","106631.9","108616.6","119490.5","123162.8","129028.4","153703.3","158418.4","156714.5","150305.8","163415.9","176800.2","194046.4","214989.1","237014.7","223317.5","282143.4","329959.8","348384.6","372844.1","343815.3","381172.5","398918.6","391671.1","394798.5","414761"
"Importações de bens e serviços","UE27 (2020) - União Europeia 27 (desde 2020)","1689132.4","1781188.6","1966522.3","2116460.9","2274543.5","2745697.8","2819628.2","2796225.2","2843197.4","3105029","3426780","3882543.9","4238991.7","4470221.4","3670641.8","4257484.2","4707964.8","4780925.7","4779886.6","4952783.4","5227436.1","5313117.2","5755113.7","6071458.3","6305386.8"
"Importações de bens e serviços","UE28 - União Europeia (28 Países)","1948477.9","2070849.5","2311122.9","2481567.4","2674115.4","3229867.9","3318708.4","3301509.6","3316739","3615862.1","3985782.7","4513309.7","4855425","5052073.3","4156633","4822771.4","5312393.9","5438666.1","5435208.9","5643324.5","5994143.6","6045071.6","6501360.3","6847153.2","7123690"
"Importações de bens e serviços","ZE19 - Zona Euro (19 Países)","1504939.8","1576338.9","1731313.1","1858357.7","2003638.3","2410570.1","2472726.3","2435016.2","2471681.1","2685007.2","2944448.5","3311368.1","3583648.8","3745278.7","3106193.2","3589829.1","3960933.5","4011966.4","4012379.3","4146048.8","4379746.2","4451447.2","4804460.9","5048544","5247727.5"
"Importações de bens e serviços","DE - Alemanha","426913.3","435815.6","474142.2","503766.7","543839","647034","656501","622998","642187","690359","751919","859030","913627","960679","809752","956602","1081437","1103805","1114987","1141722","1190410","1211642","1307600","1379711","1404365"
"Importações de bens e serviços","AT - Áustria","64013.1","66998.9","71083.1","75228","79304.2","89745.1","94647.4","94387.1","96957.9","106451.8","115385.8","126538.1","136799","143428.7","120560.3","141313.2","158643.6","163081.9","163979.9","166962.7","169856.4","173710.5","187871.4","200702.9","207602.1"
"Importações de bens e serviços","BE - Bélgica","123922.7","127624.7","135832.2","139844.9","146855.2","178650.1","179654.9","178310","179065.6","195937","217789.7","236588.4","254850.6","282125.5","230654","269259.7","303768.3","310258.7","308514.9","318300.9","318306.8","336479","361188.4","380449.9","386310.7"
"Importações de bens e serviços","BG - Bulgária","3326.8","3668.9","3712.6","4717.1","6059.7","5982.7","7030.1","7274.9","8383.5","10991.1","13747.1","17561.5","23107.6","26896.2","18886.1","20273","24235.5","26842.8","27343.5","28215","28791.5","28743.6","32938.6","35488.1","36495.7"
"Importações de bens e serviços","CY - Chipre","5136.9","5573.7","5938.6","6060.1","6325.2","7296.5","7384.1","7399.1","7239.1","7946.6","8455.8","9168","10205.6","11946.4","10097.6","11397.8","11351.5","11125.1","10757.4","11345.1","12069.1","13031.6","14707","15278.3","15693.6"
"Importações de bens e serviços","HR - Croácia","6219.2","7046.9","9329.3","8222.1","8016.1","9335.5","10968.6","13019.7","14244","15235.2","16605.6","18674.4","20341.8","22384.7","17249.8","17080.5","18305","18115.9","18612.6","18958.2","20595","21683.6","24257.1","26506.9","27887.8"
"Importações de bens e serviços","DK - Dinamarca","45123.5","46428.6","51161.4","53947.8","55683.1","67890.2","70699.4","73740.1","71624.5","77485.9","89278.1","105180.3","113390","122383.1","98591.4","105964.3","117558.6","123751.6","124769.1","126635.3","132768.6","132333.5","140771.7","149448.6","152777.7"
"Importações de bens e serviços","SK - Eslováquia","8370.2","10662.6","12367.9","11499.4","9979.8","12444.5","15436.5","16700.9","18918.8","24540.4","29720.4","38025.9","46732.7","54149.4","43716.1","52858.6","60040.7","62840.9","65441.2","66114.1","70943.3","73565.2","78531","84395.8","86744.1"
"Importações de bens e serviços","SI - Eslovénia","7790.9","8028.8","8922.1","9731.6","10281.7","11767.1","12272.6","12818.3","13470.5","15646.5","17604.8","20433.7","24280.7","25948.1","20251.1","22988","25581.8","25193.4","25350.3","26117.4","26865.5","28024.2","31795.8","34792.5","36148.6"
"Importações de bens e serviços","ES - Espanha","107892.6","117541.2","132793.5","146964","168500","204196","211248","213961","223309","250201","276195","310541","341622","336850","255923","289380","311238","303041","296245","313601","329593","332955","367144","389547","399089"
"Importações de bens e serviços","EE - Estónia","2186.9","2703","3673.4","4216.4","4014.6","4003.4","4555.9","5113","5737.6","6736.6","7997.4","9956.4","11708.8","11682","7899.8","10116.7","13473.3","15148.9","15485","15713","15164.4","15954.4","17084.7","18418.8","19228.3"
"Importações de bens e serviços","FI - Finlândia","29057.1","30620.5","34107.4","35355.3","36343","44840","44130","44790","46640","51350","59791","67273","73017","80201","61871","69707","78564","81143","79841","77858","76047","78498","84826","92499","94807"
"Importações de bens e serviços","FR - França","257474.8","269134.4","288674.2","314073.6","331818","403155","410599","405547","402544","433778","475870","520594","554598","583323","496245","560267","625111","637065","643611","662388","685011","689287","731624","755600","771862"
"Importações de bens e serviços","GR - Grécia","23740.1","26669.4","29127","33518.4","39354.7","49608.8","50758.5","49424.2","53037.2","56546.3","58953.1","69010.3","81452.7","87039.5","68318.8","69452.4","66889.4","63353.1","59915.3","62130.3","55839.7","54317.3","61292.3","67218.1","69728.2"
"Importações de bens e serviços","HU - Hungria","13902.6","15221.4","19594.8","23657.6","26879.2","36148.1","39709.2","43185.1","45471.7","53278.5","59043.4","69011.1","79148.7","85403.5","66415.5","75679.2","81717.8","79336.1","80190.1","85859.8","89759.1","90367.5","100299.3","107781.7","114561.3"
"Importações de bens e serviços","IE - Irlanda","33094.8","38185.8","47633","59174.2","68118.4","87409.3","97202.9","99645.5","95630.8","103306.5","116912","131266.7","142993.7","141784.8","135675.7","144924.8","145142.7","152398.6","152455.9","179164.3","244886.1","285882","294028.1","288993.4","390338.3"
"Importações de bens e serviços","IT - Itália","188751.2","198213.3","224070","238590.3","251717.6","307620.3","318024.1","319342.4","318640.7","340140.4","368926.7","419143","447317.3","452498","363078","433952","466153.7","443051.6","423094.6","426596.5","442016.1","441578","483996.1","513244.8","510087.3"
"Importações de bens e serviços","LV - Letónia","1626.2","2324.7","2803.1","3285.5","3159.5","3863.1","4534.2","4745.4","5099.1","6377.4","7914.3","10469.9","13034.2","12776.3","8291.6","9807.2","12685.9","14504.8","14577.2","14958.4","15053.4","14898","16606.7","17924.7","18239.5"
"Importações de bens e serviços","LT - Lituânia","2447.9","3383.4","4912.1","5066.1","4364.3","5587.2","6773.3","8044.4","8660.4","9918.2","12827.1","15864.3","18435.9","22465.7","14442.3","18486.9","23665.2","25931.8","27056.9","25772","26057.8","25980.8","30105.2","33350.3","35340.2"
"Importações de bens e serviços","LU - Luxemburgo","13559.9","14395.6","16498","19270.5","22621.1","28495.2","29454.6","29330.3","30168.6","35805.7","40871.2","48803","55625.9","59652.1","48773.2","56907.2","62787.3","68558","73754.5","89782.3","97449.2","97458.9","103662.1","105419.8","109733.3"
"Importações de bens e serviços","MT - Malta","3725.9","3701","3847.4","4011","4397.3","5560.8","5002.6","5079.6","5123.2","5100.5","5492.6","6831.2","7425.6","9114.9","9161.2","10174.2","10811.4","11512.2","11522.1","11614.5","13921.3","14292.1","14495.9","15314.2","15904.5"
"Importações de bens e serviços","NL - Países Baixos","175068.2","182236.6","198574.6","208302.9","228592","268893","273421","267151","269922","290760","314965","348337","381919","396514","341492","394496","435537","455542","460137","466572","518594","491044","536163","567613","583041"
"Importações de bens e serviços","PL - Polónia","22523.6","29460.9","38078.9","47474.3","47616.3","62551","65517.3","67596","69307.2","76157.8","87808.4","109641.7","132132.8","157082.9","120623","152150.1","169281.9","174767.4","175151.4","189661.4","199659.2","205417.4","234381","258872","268038"
"Importações de bens e serviços","PT - Portugal","30166.9","32525.9","36313.1","40398.8","44052.7","50400.6","51125.6","50228.8","49329.7","54105.3","56857.5","63494.3","68003.2","73100.2","59990.6","67738.4","68051.8","64411.5","65653","69336.3","71662","72849.3","81739.1","88445.4","92920.4"
"Importações de bens e serviços","CZ - República Checa","19887.9","22784.8","24320.6","25293","26349.7","33446.7","37906.5","40395.1","42454.8","54282.9","65593.8","77397.8","88463.9","98501.8","81490.3","98634.6","110690.9","115211.5","112165.7","119345.5","126440.2","126702.6","138428.5","149602.5","152799"
"Importações de bens e serviços","RO - Roménia","8766","9966.1","11010.2","11424.1","10560.5","10933.2","13463","14461.3","16337.8","21069.7","27590","35884.6","49514","57198.9","40630.9","48704.9","56516.6","56632.1","58457.2","62596.5","66747.2","71756.8","81857.7","91242.9","97960.8"
"Importações de bens e serviços","SE - Suécia","64442.9","70272.2","78001.4","83367.1","89740.6","108840.3","101607.8","101536.8","103692.9","111520.8","122665.2","137824.4","149244","155091.6","120561.5","149168.4","168724.9","174302","170817.8","175463","182929.1","184665","197718.8","203971.7","206958.9"
"Importações de bens e serviços","IS - Islândia","1716.7","2059.5","2340.3","2886","3112.7","3814.3","3468.3","3362.5","3599.7","4201.7","5711.1","6582.6","6620.7","4684.7","3754.5","4350.7","5124.1","5643.4","5526.9","6088.8","7004.3","7718.3","9108","9699.1","8770"
"Importações de bens e serviços","NO - Noruega","36200.8","40117.5","46266.9","48246","47828.7","53728.6","55037.9","56625.9","54508.1","59474.2","68106.2","76321","87615.2","91849.5","77405.8","92238.5","101766.4","109182.6","111529.2","111532","111441.6","111647.5","115998.8","120053","126944"
"Importações de bens e serviços","UK - Reino Unido","259345.6","289660.9","344600.6","365106.5","399571.9","484170.1","499080.2","505284.4","473541.5","510833.1","559002.6","630765.8","616433.4","581851.9","485991.2","565287.2","604429.2","657740.5","655322.3","690541.1","766707.5","731954.4","746246.6","775694.9","825411"
"Importações de bens e serviços","CH - Suíça","95444.1","98698.3","106564.9","111196.9","116102.8","135624.4","140938.9","135191.6","129413.6","135002","152966.9","164970.9","175373.1","197136.2","193932","235039.2","287446.5","294412.8","310362.1","281297.2","309478.6","329040.9","328087.8","321807.9","335440"
